<?xml version="1.0" encoding="utf-8"?>

<Defs>

	<Vehicles.VehicleBuildDef Name="DMS_BaseVehicleBuild" ParentName="VehicleBaseBuildable" Abstract="True">
		<graphicData>
			<graphicClass>Graphic_Multi</graphicClass>
		</graphicData>
		<designationCategory>VF_Vehicles</designationCategory>
		<soundImpactDefault>BulletImpact_Metal</soundImpactDefault>
	</Vehicles.VehicleBuildDef>

	<Vehicles.VehicleDef Name="DMS_BaseVehicle" ParentName="BaseVehiclePawn" Abstract="True">
		<graphicData>
			<graphicClass>Vehicles.Graphic_Vehicle</graphicClass>
			<shaderType>CutoutComplexPattern</shaderType>
			<color>(99, 100, 100)</color>
			<colorTwo>(99, 100, 100)</colorTwo>
		</graphicData>
		<techLevel>Industrial</techLevel>
		<vehicleType>Land</vehicleType>
		<vehicleMovementPermissions>DriverNeeded</vehicleMovementPermissions>
		<soundOneShotsOnEvent Inherit = "False">
			<li>
				<key>PawnEntered</key>
				<value>DMS_VehicleEnter</value>
			</li>
			<li>
				<key>PawnExited</key>
				<value>DMS_VehicleEnter</value>
			</li>
			<li>
				<key>IgnitionOn</key>
				<value>DMS_WheeledVehicleStart</value>
			</li>
			<li>
				<key>IgnitionOff</key>
				<value>DMS_WheeledVehicleStop</value>
			</li>
		</soundOneShotsOnEvent>
		<soundSustainersOnEvent Inherit="false"> 
			<li>
				<start>IgnitionOn</start>
				<stop>IgnitionOff</stop>
				<value>DMS_Engine_WheeledVehicle</value>
			</li>
		</soundSustainersOnEvent>
		<statBases>
			<ArmorRating_Heat>0.8</ArmorRating_Heat>
		</statBases>
	</Vehicles.VehicleDef>
	<Vehicles.VehicleTurretDef Name="DMS_BaseTurret" ParentName="VehicleTurretBase" Abstract="True">
		<turretType>Rotatable</turretType>
		<graphicData>
			<graphicClass>Vehicles.Graphic_Turret</graphicClass>
			<shaderType>CutoutComplexPattern</shaderType>
		</graphicData>
		<!-- 目標相關的，別動它 -->
		<hitFlags>IntendedTarget</hitFlags>
		<autoSnapTargeting>true</autoSnapTargeting>	<!-- 自動瞄準 -->
	</Vehicles.VehicleTurretDef>
</Defs>