﻿<?xml version="1.0" encoding="utf-8"?>
<Defs>
  <RecipeDef MayRequire="rimthunder.core">
    <defName>DMS_Make_Mule_ATV_Blueprint</defName>
    <label>mule ATV</label>		
    <description>assemble a vehicle.</description>
		<jobString>vehicle assembling.</jobString>
		<workSpeedStat>GeneralLaborSpeed</workSpeedStat>
		<effectWorking>Repair</effectWorking>
		<soundWorking>Recipe_Machining</soundWorking>
		<unfinishedThingDef>RTC_UnfinishedVehicle</unfinishedThingDef>
    <researchPrerequisite>Machining</researchPrerequisite>
		<recipeUsers>
			<li>RT_AssemblyCrane</li>
		</recipeUsers>
		<workSkill>Crafting</workSkill>
    <workAmount>2000</workAmount>
    <!--20000 -->
    <ingredients>
      <li>
        <filter>
          <thingDefs>
            <li>EngineLight</li>
          </thingDefs>
        </filter>
        <count>2</count>
      </li>
      <li>
        <filter>
          <thingDefs>
            <li>ComponentIndustrial</li>
          </thingDefs>
        </filter>
        <count>5</count>
      </li>
      <li>
        <filter>
          <thingDefs>
            <li>Steel</li>
          </thingDefs>
        </filter>
        <count>100</count>
      </li>
      <li>
        <filter>
          <thingDefs>
            <li>Chemfuel</li>
          </thingDefs>
        </filter>
        <count>120</count>
      </li>
    </ingredients>
    <fixedIngredientFilter>
      <thingDefs>
        <li>EngineLight</li>
        <li>Chemfuel</li>
        <li>ComponentIndustrial</li>
        <li>Steel</li>
      </thingDefs>
    </fixedIngredientFilter>
    <modExtensions>
      <li Class="Motorization.ModExt_RTCVehicleRecipe">
        <thing>DMS_Mule_ATV</thing>
      </li>
    </modExtensions>
  </RecipeDef>

  <RecipeDef MayRequire="rimthunder.core">
    <defName>DMS_Make_Mustang_ATV_Blueprint</defName>
    <label>mustang ATV</label>		
    <description>assemble a vehicle.</description>
		<jobString>vehicle assembling.</jobString>
		<workSpeedStat>GeneralLaborSpeed</workSpeedStat>
		<effectWorking>Repair</effectWorking>
		<soundWorking>Recipe_Machining</soundWorking>
		<unfinishedThingDef>RTC_UnfinishedVehicle</unfinishedThingDef>
    <researchPrerequisite>Machining</researchPrerequisite>
		<recipeUsers>
			<li>RT_AssemblyCrane</li>
		</recipeUsers>
		<workSkill>Crafting</workSkill>
    <workAmount>2500</workAmount>
    <!--20000 -->
    <ingredients>
      <li>
        <filter>
          <thingDefs>
            <li>EngineLight</li>
          </thingDefs>
        </filter>
        <count>2</count>
      </li>
      <li>
        <filter>
          <thingDefs>
            <li>Neurocomputer</li>
          </thingDefs>
        </filter>
        <count>1</count>
      </li>
      <li>
        <filter>
          <thingDefs>
            <li>ComponentStamped</li>
          </thingDefs>
        </filter>
        <count>3</count>
      </li>
      <li>
        <filter>
          <thingDefs>
            <li>ComponentIndustrial</li>
          </thingDefs>
        </filter>
        <count>5</count>
      </li>
      <li>
        <filter>
          <thingDefs>
            <li>DMS_Ceramics</li>
          </thingDefs>
        </filter>
        <count>60</count>
      </li>
      <li>
        <filter>
          <thingDefs>
            <li>Tungsteel</li>
          </thingDefs>
        </filter>
        <count>85</count>
      </li>
      <li>
        <filter>
          <thingDefs>
            <li>Steel</li>
          </thingDefs>
        </filter>
        <count>100</count>
      </li>
      <li>
        <filter>
          <thingDefs>
            <li>Chemfuel</li>
          </thingDefs>
        </filter>
        <count>120</count>
      </li>
    </ingredients>
    <fixedIngredientFilter>
      <thingDefs>
        <li>EngineLight</li>
        <li>Chemfuel</li>        
        <li>Neurocomputer</li>
        <li>ComponentStamped</li>
        <li>DMS_Ceramics</li>
        <li>Tungsteel</li>
        <li>ComponentIndustrial</li>
        <li>Steel</li>
      </thingDefs>
    </fixedIngredientFilter>
    <modExtensions>
      <li Class="Motorization.ModExt_RTCVehicleRecipe">
        <thing>DMS_Mustang_ATV</thing>
      </li>
    </modExtensions>
  </RecipeDef>

  <RecipeDef MayRequire="rimthunder.core">
    <defName>DMS_Make_ArmySteed_APC_Blueprint</defName>
    <label>army steed APC</label>		
    <description>assemble a vehicle.</description>
		<jobString>vehicle assembling.</jobString>
		<workSpeedStat>GeneralLaborSpeed</workSpeedStat>
		<effectWorking>Repair</effectWorking>
		<soundWorking>Recipe_Machining</soundWorking>
		<unfinishedThingDef>RTC_UnfinishedVehicle</unfinishedThingDef>
    <researchPrerequisite>DMS_MechBasis</researchPrerequisite>
		<recipeUsers>
			<li>RT_AssemblyCrane</li>
		</recipeUsers>
		<workSkill>Crafting</workSkill>
    <workAmount>4000</workAmount>
    <!--20000 -->
    <ingredients>
      <li>
        <filter>
          <thingDefs>
            <li>EngineMedium</li>
          </thingDefs>
        </filter>
        <count>1</count>
      </li>
      <li>
        <filter>
          <thingDefs>
            <li>Neurocomputer</li>
          </thingDefs>
        </filter>
        <count>1</count>
      </li>
      <li>
        <filter>
          <thingDefs>
            <li>ComponentStamped</li>
          </thingDefs>
        </filter>
        <count>7</count>
      </li>
      <li>
        <filter>
          <thingDefs>
            <li>ComponentIndustrial</li>
          </thingDefs>
        </filter>
        <count>12</count>
      </li>
      <li>
        <filter>
          <thingDefs>
            <li>DMS_Ceramics</li>
          </thingDefs>
        </filter>
        <count>125</count>
      </li>
      <li>
        <filter>
          <thingDefs>
            <li>Tungsteel</li>
          </thingDefs>
        </filter>
        <count>75</count>
      </li>
      <li>
        <filter>
          <thingDefs>
            <li>Steel</li>
          </thingDefs>
        </filter>
        <count>250</count>
      </li>
      <li>
        <filter>
          <thingDefs>
            <li>Chemfuel</li>
          </thingDefs>
        </filter>
        <count>180</count>
      </li>
    </ingredients>
    <fixedIngredientFilter>
      <thingDefs>
        <li>EngineMedium</li>
        <li>Chemfuel</li>        
        <li>Neurocomputer</li>
        <li>ComponentStamped</li>
        <li>DMS_Ceramics</li>
        <li>Tungsteel</li>
        <li>ComponentIndustrial</li>
        <li>Steel</li>
      </thingDefs>
    </fixedIngredientFilter>
    <modExtensions>
      <li Class="Motorization.ModExt_RTCVehicleRecipe">
        <thing>DMS_ArmySteed_APC</thing>
      </li>
    </modExtensions>
  </RecipeDef>

  <RecipeDef MayRequire="rimthunder.core">
    <defName>DMS_Make_Chameleon_TD_Blueprint</defName>
    <label>chameleon TD</label>		
    <description>assemble a vehicle.</description>
		<jobString>vehicle assembling.</jobString>
		<workSpeedStat>GeneralLaborSpeed</workSpeedStat>
		<effectWorking>Repair</effectWorking>
		<soundWorking>Recipe_Machining</soundWorking>
		<unfinishedThingDef>RTC_UnfinishedVehicle</unfinishedThingDef>
    <researchPrerequisite>DMS_HeavyAutomatroid</researchPrerequisite>
		<recipeUsers>
			<li>RT_AssemblyCrane</li>
		</recipeUsers>
		<workSkill>Crafting</workSkill>
    <workAmount>6000</workAmount>
    <!--20000 -->
    <ingredients>
      <li>
        <filter>
          <thingDefs>
            <li>EngineMedium</li>
          </thingDefs>
        </filter>
        <count>1</count>
      </li>
      <li>
        <filter>
          <thingDefs>
            <li>Neurocomputer</li>
          </thingDefs>
        </filter>
        <count>2</count>
      </li>
      <li>
        <filter>
          <thingDefs>
            <li>ComponentStamped</li>
          </thingDefs>
        </filter>
        <count>15</count>
      </li>
      <li>
        <filter>
          <thingDefs>
            <li>ComponentIndustrial</li>
          </thingDefs>
        </filter>
        <count>20</count>
      </li>
      <li>
        <filter>
          <thingDefs>
            <li>DMS_Ceramics</li>
          </thingDefs>
        </filter>
        <count>250</count>
      </li>
      <li>
        <filter>
          <thingDefs>
            <li>Tungsteel</li>
          </thingDefs>
        </filter>
        <count>125</count>
      </li>
      <li>
        <filter>
          <thingDefs>
            <li>Steel</li>
          </thingDefs>
        </filter>
        <count>400</count>
      </li>
      <li>
        <filter>
          <thingDefs>
            <li>Chemfuel</li>
          </thingDefs>
        </filter>
        <count>180</count>
      </li>
    </ingredients>
    <fixedIngredientFilter>
      <thingDefs>
        <li>EngineMedium</li>
        <li>Chemfuel</li>        
        <li>Neurocomputer</li>
        <li>ComponentStamped</li>
        <li>DMS_Ceramics</li>
        <li>Tungsteel</li>
        <li>ComponentIndustrial</li>
        <li>Steel</li>
      </thingDefs>
    </fixedIngredientFilter>
    <modExtensions>
      <li Class="Motorization.ModExt_RTCVehicleRecipe">
        <thing>DMS_Chameleon_TD</thing>
      </li>
    </modExtensions>
  </RecipeDef>

  <RecipeDef MayRequire="rimthunder.core">
    <defName>DMS_Make_Chelydridae_MBT_Blueprint</defName>
    <label>Chelydridae</label>		
    <description>assemble a vehicle.</description>
		<jobString>vehicle assembling.</jobString>
		<workSpeedStat>GeneralLaborSpeed</workSpeedStat>
		<effectWorking>Repair</effectWorking>
		<soundWorking>Recipe_Machining</soundWorking>
		<unfinishedThingDef>RTC_UnfinishedVehicle</unfinishedThingDef>
    <researchPrerequisite>DMS_HeavyAutomatroid</researchPrerequisite>
		<recipeUsers>
			<li>RT_AssemblyCrane</li>
		</recipeUsers>
		<workSkill>Crafting</workSkill>
    <workAmount>8000</workAmount>
    <!--20000 -->
    <ingredients>
      <li>
        <filter>
          <thingDefs>
            <li>EngineTurbine</li>
          </thingDefs>
        </filter>
        <count>1</count>
      </li>
      <li>
        <filter>
          <thingDefs>
            <li>Neurocomputer</li>
          </thingDefs>
        </filter>
        <count>1</count>
      </li>
      <li>
        <filter>
          <thingDefs>
            <li>ComponentStamped</li>
          </thingDefs>
        </filter>
        <count>15</count>
      </li>
      <li>
        <filter>
          <thingDefs>
            <li>ComponentIndustrial</li>
          </thingDefs>
        </filter>
        <count>25</count>
      </li>
      <li>
        <filter>
          <thingDefs>
            <li>Polyester</li>
          </thingDefs>
        </filter>
        <count>150</count>
      </li>
      <li>
        <filter>
          <thingDefs>
            <li>DMS_Ceramics</li>
          </thingDefs>
        </filter>
        <count>300</count>
      </li>
      <li>
        <filter>
          <thingDefs>
            <li>Tungsteel</li>
          </thingDefs>
        </filter>
        <count>425</count>
      </li>
      <li>
        <filter>
          <thingDefs>
            <li>Steel</li>
          </thingDefs>
        </filter>
        <count>750</count>
      </li>
    </ingredients>
    <fixedIngredientFilter>
      <thingDefs>
        <li>EngineTurbine</li>
        <li>Neurocomputer</li>
        <li>ComponentStamped</li>
        <li>Polyester</li>
        <li>ComponentIndustrial</li>
        <li>Steel</li>
        <li>DMS_Ceramics</li>
        <li>Tungsteel</li>
      </thingDefs>
    </fixedIngredientFilter>
    <modExtensions>
      <li Class="Motorization.ModExt_RTCVehicleRecipe">
        <thing>DMS_Chelydridae_MainBattleTank_Blueprint</thing>
      </li>
    </modExtensions>
  </RecipeDef>

</Defs>