﻿<?xml version="1.0" encoding="utf-8"?>
<ModMetaData>
  <name>The Dead Man's Switch - Motorized</name>
  <modIconPath IgnoreIfNoMatchingField="True">UI/NaraLogo</modIconPath>
  <author>AobaKuma</author>
  <supportedVersions>
    <li>1.5</li>
  </supportedVersions>
  <packageId>Aoba.DeadManSwitch.Motorized</packageId>
  <modDependencies>
    <li>
      <packageId>SmashPhil.VehicleFramework</packageId>
      <displayName>Vehicle Framework</displayName>
      <downloadUrl>https://github.com/SmashPhil/Vehicles/releases/latest</downloadUrl>
      <steamWorkshopUrl />
    </li>
    <li>
      <packageId>Aoba.DeadManSwitch.Core</packageId>
      <steamWorkshopUrl>https://steamcommunity.com/sharedfiles/filedetails/?id=3121742525</steamWorkshopUrl>
      <displayName>Dead Man Switch</displayName>
    </li>
  </modDependencies>
  <loadAfter>
    <li>SmashPhil.VehicleFramework</li>
    <li>Aoba.DeadManSwitch.Core</li>
    <li>ceteam.combatextended</li>
  </loadAfter>
  <description>It's clear that even thousands of years after humans stepped into space, the wheel remains an irreplaceable invention.</description>
</ModMetaData>