﻿<?xml version="1.0" encoding="utf-8"?>
<Defs>

  <SoundDef>
    <defName>DMS_Engine_MBT</defName>
    <sustain>true</sustain>
    <context>MapOnly</context>
    <maxSimultaneous>1</maxSimultaneous>
    <priorityMode>PrioritizeNearest</priorityMode>
    <subSounds>
      <li>
        <muteWhenPaused>True</muteWhenPaused>
        <grains>
          <li Class="AudioGrain_Clip">
            <clipPath>DMS_Vehicle/TurboEngine_Sustainer</clipPath>
          </li>
        </grains>
        <pitchRange>0.99~1.01</pitchRange>
        <volumeRange>30~30</volumeRange>
        <sustainAttack>2.5</sustainAttack>
        <sustainRelease>2.5</sustainRelease>
      </li>
    </subSounds>
  </SoundDef>

  <SoundDef>
    <defName>DMS_Move_Walker</defName>  
    <sustain>true</sustain>
    <context>MapOnly</context>  
    <maxSimultaneous>4</maxSimultaneous>
    <priorityMode>PrioritizeNearest</priorityMode>
    <subSounds>
      <li>
        <muteWhenPaused>True</muteWhenPaused>
        <grains>
          <li Class="AudioGrain_Clip">
            <clipPath>DMS_Vehicle/MainCannon_Reload</clipPath>
          </li>
        </grains>
        <volumeRange>10~10</volumeRange>
        <sustainAttack>2.5</sustainAttack>
        <sustainRelease>2.5</sustainRelease>
        <pitchRange>0.99~1.01</pitchRange>
      </li>
    </subSounds>
  </SoundDef>
  
  <SoundDef>
    <defName>DMS_Engine_WheeledVehicle</defName>
    <sustain>true</sustain>
    <context>MapOnly</context>
    <maxSimultaneous>1</maxSimultaneous>
    <priorityMode>PrioritizeNearest</priorityMode>
    <subSounds>
      <li>
        <muteWhenPaused>True</muteWhenPaused>
        <grains>
          <li Class="AudioGrain_Clip">
            <clipPath>DMS_Vehicle/WheeledEngine_Sustainer</clipPath>
          </li>
        </grains>
        <pitchRange>0.99~1.01</pitchRange>
        <volumeRange>30~30</volumeRange>
        <sustainAttack>2.5</sustainAttack>
        <sustainRelease>2.5</sustainRelease>
      </li>
    </subSounds>
  </SoundDef>
</Defs>